id,parent_id,name,age,gender,interests_and_preferences,challenges_or_learning_needs
1,213,Sophia,4,Female,"Art and Crafts she loves teddy bears","Empathy, Attachment"
2,112,Liam,2,Male,Outdoor Exploration,Social Skills
3,45,Olivia,6,Female,Science Experiments,Critical Thinking
4,189,Noah,8,Male,Reading and Books,Language Fluency
5,271,Ava,3,Female,Sports and Games,Physical Coordination
6,56,Isabella,5,Female,Imaginary Play,Social Interaction
7,298,Lucas,10,Male,Music and Instruments,Auditory Skills
8,87,Mia,1,Female,Math Puzzles,Problem Solving
9,204,Mason,7,Male,Computer Programming,Logical Thinking
10,125,Amelia,5,Female,Role-Playing,Emotional Expression
11,142,Emma,2,Female,Cars, None
12,178,Aiden,8,Male,Art and Crafts,Speech Development
13,91,Ethan,3,Male,Stuffed Animals, Fine Motor Skills
14,29,Harper,6,Female,Outdoor Play, None
15,272,Abigail,4,Female,Board Games, Cognitive Development
16,193,Sebastian,9,Male,Dolls, Sensory Processing
17,78,Evelyn,2,Female,Legos, None
18,234,Oliver,7,Male,Music and Instruments, Language Development
19,169,Isaac,6,Male,Puzzles, Fine Motor Skills
20,155,Sophie,3,Female,Video Games, Social Skills
21,118,Madison,5,Female,Action Figures, None
22,97,Lincoln,8,Male,Science Kits, Cognitive Development
23,54,Ella,4,Female,Play Kitchen, Speech Development
24,215,Elijah,10,Male,Sports and Outdoor Games, None
25,263,Aria,1,Female,Building Blocks, Fine Motor Skills
26,139,Grayson,7,Male,Coloring and Drawing, Sensory Processing
27,206,Scarlett,3,Female,Reading and Books, Speech Development
28,183,Levi,5,Male,Play Dough, None
29,68,Grace,6,Female,Play Dough, Cognitive Development
30,127,Jack,8,Male,Computer Programming, Fine Motor Skills
31,89,Aurora,2,Female,Trains, None
32,251,Landon,4,Male,Chess, Cognitive Development
33,46,Lily,9,Female,Water Play, Sensory Processing
34,278,Henry,6,Male,Math Games, None
35,112,Ellie,5,Female,Magic Tricks, Cognitive Development
36,176,Logan,8,Male,Bicycles and Riding Toys, Fine Motor Skills
37,95,Aria,1,Female,DIY Science Experiments, Speech Development
38,203,Michael,7,Male,Playhouse, None
39,59,Aria,4,Female,Geography and Maps, Cognitive Development
40,227,Jackson,10,Male,Remote Control Toys, Fine Motor Skills
41,172,Sophia,6,Female,Toy Instruments, Sensory Processing
42,136,Lucas,2,Male,Robotics Kits, Cognitive Development
43,111,Evelyn,5,Female,Play Tents, None
44,285,Emma,9,Female,Writing and Drawing Tablets, Fine Motor Skills
45,79,Mia,7,Female,Strategy Board Games, Speech Development
46,192,Oliver,3,Male,Toy Tool Set, None
47,104,Charlotte,4,Female,Play Dough, Cognitive Development
48,210,Liam,8,Male,Magnetic Building Blocks, Fine Motor Skills
49,68,Ava,6,Female,Language Learning Games, Speech Development
50,248,Harper,2,Female,Outdoor Adventure Gear, None
51,165,William,5,Male,Modeling Clay, Sensory Processing
52,88,Abigail,10,Female,Virtual Reality Games, Cognitive Development
53,254,Aiden,4,Male,Interactive Storytelling Toys, None
54,173,Sofia,7,Female,Play Dough, Fine Motor Skills
55,117,James,3,Male,LEGO Mindstorms, Cognitive Development
56,221,Isabella,6,Female,Dress-up and Costumes, None
57,284,Mila,1,Female,Photography, Speech Development
58,96,Logan,8,Male,Swing Set, Fine Motor Skills
59,139,Lily,5,Female,Origami, None
60,208,Sophie,9,Female,3D Printing Kits, Cognitive Development
61,185,Lincoln,6,Male,Playdough Tools and Accessories, Sensory Processing
62,267,Scarlett,3,Female,History and Archaeology Kits, Speech Development
63,98,William,9,Male,Magnetic Alphabet Letters, None
64,55,Emma,5,Female,Model Trains, Fine Motor Skills
65,141,Mia,8,Female,Escape Room Games, Cognitive Development
66,214,Liam,2,Male,Bubbles and Bubble Wands, None
67,126,Sophie,4,Female,Remote Control Drones, Speech Development
68,69,Olivia,7,Female,Toy Microscopes, Fine Motor Skills
69,183,James,10,Male,Coding Board Games, None
70,257,Ella,1,Female,Artificial Intelligence Toys, Cognitive Development
71,207,Oliver,6,Male,Sand and Water Tables, Sensory Processing
72,158,Aria,5,Female,Comic Books, Speech Development
73,95,Mason,8,Male,Toy Binoculars, None
74,143,Lily,3,Female,Outdoor Climbing Set, Fine Motor Skills
75,78,Lucas,4,Male,Chess, Cognitive Development
76,110,Evelyn,2,Female,Play Kitchen, None
77,238,Aiden,7,Male,Magnetic Poetry Kits, Speech Development
78,67,Amelia,5,Female,Tricycles, Fine Motor Skills
79,193,Jackson,8,Male,Woodworking Kits, None
80,202,Harper,1,Female,Programming Robots, Cognitive Development
81,291,Aria,6,Female,Coloring Books, Sensory Processing
82,121,Sophia,9,Female,Space Exploration Kits, Speech Development
83,75,Ethan,3,Male,Toy Vacuum Cleaner, None
84,142,Charlotte,4,Female,Math Puzzles, Fine Motor Skills
85,256,Logan,10,Male,DIY Electronics Kits, Cognitive Development
86,169,Ellie,5,Female,Art and Crafts,Speech Development
87,211,Noah,7,Male,Outdoor Exploration,Social Skills
88,84,Grace,2,Female,Science Experiments,Critical Thinking
89,173,Mila,6,Female,Reading and Books,Language Fluency
90,124,Lincoln,8,Male,Sports and Games,Physical Coordination
91,258,Ava,1,Female,Imaginary Play,Social Interaction
92,183,Landon,9,Male,Music and Instruments,Auditory Skills
93,295,Isabella,3,Female,Math Puzzles,Problem Solving
94,207,Sophie,4,Female,Computer Programming,Logical Thinking
95,168,Jackson,7,Male,Role-Playing,Emotional Expression
96,74,Ella,5,Female,Cars, None
97,149,Liam,10,Male,Art and Crafts,Speech Development
98,287,Mia,2,Female,Stuffed Animals, Fine Motor Skills
99,122,Olivia,6,Female,Outdoor Play, None
100,195,Sebastian,8,Male,Board Games, Cognitive Development
101,209,Aria,3,Female,Dolls, Sensory Processing
102,276,Sophia,9,Female,Legos, None
103,78,Lincoln,4,Male,Music and Instruments, Language Development
104,234,Emma,1,Female,Puzzles, Fine Motor Skills
105,111,Isaac,5,Male,Video Games, Social Skills
106,213,Lily,8,Female,Action Figures, None
107,87,Aiden,7,Male,Science Kits, Cognitive Development
108,144,Mia,2,Female,Play Kitchen, Speech Development
109,176,Jackson,6,Male,Sports and Outdoor Games, None
110,249,Ava,4,Female,Building Blocks, Fine Motor Skills
111,178,Emma,9,Female,Coloring and Drawing, Sensory Processing
112,122,Liam,3,Male,Reading and Books, Speech Development
113,229,Ella,5,Female,Play Dough, None
114,296,Logan,7,Male,Play Dough, Cognitive Development
115,98,Aria,10,Female,Computer Programming, Fine Motor Skills
116,174,Sophia,2,Female,Trains, None
117,195,Oliver,8,Male,Chess, Cognitive Development
118,81,Charlotte,6,Female,Water Play, Sensory Processing
119,259,Lucas,4,Male,Math Games, None
120,147,Mila,1,Female,Magic Tricks, Cognitive Development
121,106,Olivia,6,Female,Bicycles and Riding Toys, Fine Motor Skills
122,279,Liam,3,Male,DIY Science Experiments, Speech Development
123,152,Emma,7,Female,Playhouse, None
124,194,Oliver,2,Male,Geography and Maps, Cognitive Development
125,162,Harper,5,Female,Remote Control Toys, Fine Motor Skills
126,121,Sophia,8,Female,Toy Instruments, Sensory Processing
127,76,Ethan,4,Male,Robotics Kits, Cognitive Development
128,268,Isabella,1,Female,Play Tents, None
129,184,Noah,9,Male,Writing and Drawing Tablets, Fine Motor Skills
130,94,Ava,5,Female,Strategy Board Games, Speech Development
131,146,Amelia,6,Female,Toy Tool Set, None
132,112,Sophie,2,Female,Play Dough, Cognitive Development
133,232,Liam,10,Male,Magnetic Building Blocks, Fine Motor Skills
134,146,Abigail,3,Female,Language Learning Games, Speech Development
135,163,Olivia,6,Female,Outdoor Adventure Gear, None
136,107,Isaac,7,Male,Modeling Clay, Sensory Processing
137,260,Ellie,4,Female,Virtual Reality Games, Cognitive Development
138,117,Jack,8,Male,Interactive Storytelling Toys, None
139,181,Grace,1,Female,Play Dough, Fine Motor Skills
140,256,Aiden,6,Male,LEGO Mindstorms, Cognitive Development
141,149,Aria,4,Female,Dress-up and Costumes, None
142,74,Emma,9,Female,Photography, Speech Development
143,121,Logan,2,Male,Swing Set, Fine Motor Skills
144,242,Aria,5,Female,Origami, None
145,179,Lily,8,Female,3D Printing Kits, Cognitive Development
146,126,Jackson,3,Male,Playdough Tools and Accessories, Sensory Processing
147,88,Lincoln,6,Male,History and Archaeology Kits, Speech Development
148,228,Charlotte,7,Female,Magnetic Alphabet Letters, None
149,99,Sofia,4,Female,Model Trains, Fine Motor Skills
150,214,Sophie,1,Female,Escape Room Games, Cognitive Development
151,179,Elijah,10,Male,Bubbles and Bubble Wands, None
152,201,Ava,2,Female,Remote Control Drones, Speech Development
153,108,Lucas,8,Male,Toy Microscopes, Fine Motor Skills
154,127,Scarlett,5,Female,Coding Board Games, None
155,242,Harper,3,Female,Artificial Intelligence Toys, Cognitive Development
156,179,Liam,6,Male,Sand and Water Tables, Sensory Processing
157,228,Ella,9,Female,Comic Books, Speech Development
158,207,Mia,5,Female,Toy Binoculars, None
159,144,Oliver,7,Male,Outdoor Climbing Set, Fine Motor Skills
160,271,Amelia,4,Female,Chess, Cognitive Development
161,192,Aria,8,Female,Play Kitchen, None
162,110,Landon,3,Male,Magnetic Poetry Kits, Speech Development
163,136,Sophia,6,Female,Tricycles, Fine Motor Skills
164,205,Jackson,2,Male,Woodworking Kits, None
165,77,Emma,9,Female,Programming Robots, Cognitive Development
166,149,Lily,5,Female,Coloring Books, Sensory Processing
167,264,Liam,1,Male,Space Exploration Kits, Speech Development
168,120,Sophie,8,Female,Toy Vacuum Cleaner, None
169,145,Noah,4,Male,Math Puzzles, Fine Motor Skills
170,286,Ava,7,Female,DIY Electronics Kits, Cognitive Development
171,97,Olivia,6,Female,Art and Crafts,Speech Development
172,209,Logan,3,Male,Outdoor Exploration,Social Skills
173,160,Sophia,9,Female,Science Experiments,Critical Thinking
174,254,Mia,5,Female,Reading and Books,Language Fluency
175,206,Ethan,8,Male,Sports and Games,Physical Coordination
176,93,Amelia,4,Female,Imaginary Play,Social Interaction
177,117,Sophie,7,Female,Music and Instruments,Auditory Skills
178,259,Liam,2,Male,Math Puzzles,Problem Solving
179,146,Emma,10,Female,Computer Programming,Logical Thinking
180,137,Lucas,6,Male,Role-Playing,Emotional Expression
181,115,Olivia,8,Female,Cars, None
182,239,Liam,3,Male,Art and Crafts,Speech Development
183,198,Emma,5,Female,Stuffed Animals, Fine Motor Skills
184,165,Oliver,10,Male,Outdoor Play, None
185,219,Harper,6,Female,Board Games, Cognitive Development
186,155,Sophia,4,Female,Dolls, Sensory Processing
187,127,Noah,7,Male,Legos, None
188,215,Ava,2,Female,Music and Instruments, Language Development
189,171,Olivia,5,Female,Puzzles, Fine Motor Skills
190,80,Isaac,9,Male,Video Games, Social Skills
191,128,Mia,4,Female,Action Figures, None
192,99,Sophie,6,Female,Science Kits, Cognitive Development
193,244,Liam,1,Male,Play Kitchen, Speech Development
194,161,Ella,8,Female,Sports and Outdoor Games, None
195,191,Aria,3,Female,Building Blocks, Fine Motor Skills
196,136,Jackson,6,Male,Coloring and Drawing, Sensory Processing
197,181,Grace,2,Female,Reading and Books, Speech Development
198,216,Aiden,9,Male,Play Dough, None
199,156,Emma,5,Female,Play Dough, Cognitive Development
200,116,Lucas,1,Male,Computer Programming, Fine Motor Skills
201,183,Aria,7,Female,Trains, None
202,88,Mia,4,Female,Chess, Cognitive Development
203,222,Oliver,8,Male,Water Play, Sensory Processing
204,154,Sophia,3,Female,Math Games, None
205,174,Ethan,6,Male,Magic Tricks, Cognitive Development
206,236,Lincoln,10,Male,Bicycles and Riding Toys, Fine Motor Skills
207,196,Ava,2,Female,DIY Science Experiments, Speech Development
208,106,Landon,5,Male,Playhouse, None
209,142,Amelia,8,Female,Geography and Maps, Cognitive Development
210,225,Sophie,4,Female,Remote Control Toys, Fine Motor Skills
211,124,Charlotte,7,Female,Toy Instruments, Sensory Processing
212,166,Oliver,2,Male,Robotics Kits, Cognitive Development
213,79,Logan,9,Male,Play Tents, None
214,163,Emma,5,Female,Writing and Drawing Tablets, Fine Motor Skills
215,205,Lily,1,Female,Strategy Board Games, Speech Development
216,256,Aiden,6,Male,Toy Tool Set, None
217,114,Olivia,4,Female,Play Dough, Cognitive Development
218,158,Lucas,8,Male,Magnetic Building Blocks, Fine Motor Skills
219,119,Scarlett,3,Female,Language Learning Games, Speech Development
220,213,Harper,6,Female,Outdoor Adventure Gear, None
221,88,Sophia,10,Female,Modeling Clay, Sensory Processing
222,160,Emma,4,Female,Virtual Reality Games, Cognitive Development
223,251,Liam,7,Male,Interactive Storytelling Toys, None
224,182,Aria,2,Female,Play Dough, Fine Motor Skills
225,187,Jackson,9,Male,LEGO Mindstorms, Cognitive Development
226,107,Lily,5,Female,Dress-up and Costumes, None
227,132,Jack,3,Male,Photography, Speech Development
228,168,Ella,8,Female,Swing Set, Fine Motor Skills
229,243,Mia,1,Female,Origami, None
230,205,Aiden,6,Male,3D Printing Kits, Cognitive Development
231,177,Sophie,9,Female,Playdough Tools and Accessories, Sensory Processing
232,105,Oliver,3,Male,History and Archaeology Kits, Speech Development
233,226,Isaac,5,Male,Magnetic Alphabet Letters, None
234,108,Grace,2,Female,Model Trains, Fine Motor Skills
235,166,Mila,8,Female,Escape Room Games, Cognitive Development
236,218,Liam,7,Male,Bubbles and Bubble Wands, None
237,95,Ella,4,Female,Remote Control Drones, Speech Development
238,154,Charlotte,10,Female,Toy Microscopes, Fine Motor Skills
239,128,Lucas,6,Male,Coding Board Games, None
240,207,Ava,1,Female,Artificial Intelligence Toys, Cognitive Development
241,265,Olivia,7,Female,Sand and Water Tables, Sensory Processing
242,176,Liam,4,Male,Comic Books, Speech Development
243,209,Emma,9,Female,Toy Binoculars, None
244,100,Oliver,2,Male,Outdoor Climbing Set, Fine Motor Skills
245,133,Harper,6,Female,Chess, Cognitive Development
246,189,Sophia,5,Female,Play Kitchen, None
247,159,Noah,8,Male,Magnetic Poetry Kits, Speech Development
248,192,Ava,3,Female,Tricycles, Fine Motor Skills
249,138,Olivia,4,Female,Woodworking Kits, None
250,260,Isaac,7,Male,Programming Robots, Cognitive Development
251,110,Mia,5,Female,Coloring Books, Sensory Processing
252,185,Sophie,10,Female,Space Exploration Kits, Speech Development
253,188,Lucas,2,Male,Toy Vacuum Cleaner, None
254,195,Ella,8,Female,Math Puzzles, Fine Motor Skills
255,148,Aria,3,Female,DIY Electronics Kits, Cognitive Development
256,121,Liam,6,Male,Art and Crafts,Speech Development
257,140,Charlotte,4,Female,Outdoor Exploration,Social Skills
258,270,Oliver,9,Male,Science Experiments,Critical Thinking
259,103,Emma,5,Female,Reading and Books,Language Fluency
260,184,Lily,1,Female,Sports and Games,Physical Coordination
261,223,Jack,8,Male,Imaginary Play,Social Interaction
262,150,Ava,3,Female,Music and Instruments,Auditory Skills
263,109,Sophia,6,Female,Math Puzzles,Problem Solving
264,145,Emma,9,Female,Computer Programming,Logical Thinking
265,233,Liam,2,Male,Role-Playing,Emotional Expression
266,272,Ella,7,Female,Cars, None
267,210,Mia,4,Female,Art and Crafts,Speech Development
268,146,Olivia,1,Female,Stuffed Animals, Fine Motor Skills
269,181,Isaac,5,Male,Outdoor Play, None
270,256,Sophie,9,Female,Board Games, Cognitive Development
271,148,Aiden,6,Male,Dolls, Sensory Processing
272,205,Ella,3,Female,Legos, None
273,150,Lincoln,8,Male,Music and Instruments, Language Development
274,287,Grace,2,Female,Puzzles, Fine Motor Skills
275,270,Aria,7,Female,Video Games, Social Skills
276,184,Liam,4,Male,Action Figures, None
277,167,Olivia,10,Female,Science Kits, Cognitive Development
278,220,Emma,6,Female,Play Kitchen, Speech Development
279,99,Logan,3,Male,Sports and Outdoor Games, None
280,265,Lily,5,Female,Building Blocks, Fine Motor Skills
281,243,Jack,8,Male,Coloring and Drawing, Sensory Processing
282,174,Ella,2,Female,Reading and Books, Speech Development
283,205,Oliver,6,Male,Play Dough, None
284,123,Sophia,9,Female,Play Dough, Cognitive Development
285,290,Amelia,4,Female,Computer Programming, Fine Motor Skills
286,131,Liam,7,Male,Trains, None
287,229,Ava,3,Female,Chess, Cognitive Development
288,202,Olivia,6,Female,Water Play, Sensory Processing
289,168,Logan,9,Male,Math Games, None
290,114,Sophia,5,Female,Magic Tricks, Cognitive Development
291,263,Lily,1,Female,Bicycles and Riding Toys, Fine Motor Skills
292,280,Isaac,8,Male,DIY Science Experiments, Speech Development
293,209,Emma,2,Female,Playhouse, None
294,272,Aria,7,Female,Geography and Maps, Cognitive Development
295,177,Liam,4,Male,Remote Control Toys, Fine Motor Skills
296,150,Ella,6,Female,Toy Instruments, Sensory Processing
297,141,Olivia,3,Female,Robotics Kits, Cognitive Development
298,289,Harper,5,Female,Play Tents, None
299,192,Mia,8,Female,Writing and Drawing Tablets, Fine Motor Skills
300,196,Aiden,1,Male,Strategy Board Games, Speech Development
301,226,Lily,9,Female,Toy Tool Set, None
302,123,Ella,6,Female,Play Dough, Cognitive Development
303,181,Liam,3,Male,Magnetic Building Blocks, Fine Motor Skills
304,249,Emma,8,Female,Language Learning Games, Speech Development
305,169,Oliver,4,Male,Outdoor Adventure Gear, None
306,151,Aria,10,Female,Modeling Clay, Sensory Processing
307,246,Sophie,1,Female,Virtual Reality Games, Cognitive Development
308,271,Jack,7,Male,Interactive Storytelling Toys, None
309,189,Olivia,5,Female,Play Dough, Fine Motor Skills
310,259,Mia,2,Female,LEGO Mindstorms, Cognitive Development
311,114,Lucas,6,Male,Dress-up and Costumes, None
312,278,Emma,9,Female,Photography, Speech Development
313,124,Charlotte,3,Female,Swing Set, Fine Motor Skills
314,235,Sophia,8,Female,Origami, None
315,107,Liam,4,Male,3D Printing Kits, Cognitive Development
316,162,Ella,7,Female,Playdough Tools and Accessories, Sensory Processing
317,209,Oliver,2,Male,History and Archaeology Kits, Speech Development
318,150,Jack,10,Male,Magnetic Alphabet Letters, None
319,248,Ava,5,Female,Model Trains, Fine Motor Skills
320,182,Emma,8,Female,Escape Room Games, Cognitive Development
321,140,Lucas,3,Male,Bubbles and Bubble Wands, None
322,206,Sophie,9,Female,Remote Control Drones, Speech Development
323,271,Harper,6,Female,Toy Microscopes, Fine Motor Skills
324,162,Aria,4,Female,Coding Board Games, None
325,260,Olivia,1,Female,Artificial Intelligence Toys, Cognitive Development
326,108,Mia,7,Female,Sand and Water Tables, Sensory Processing
327,189,Liam,2,Male,Comic Books, Speech Development
328,284,Ella,10,Female,Toy Binoculars, None
329,188,Isaac,3,Male,Outdoor Climbing Set, Fine Motor Skills
330,257,Ava,6,Female,Chess, Cognitive Development
331,230,Olivia,9,Female,Play Kitchen, None
332,173,Emma,5,Female,Magnetic Poetry Kits, Speech Development
333,137,Lily,8,Female,Tricycles, Fine Motor Skills
334,293,Jack,4,Male,Woodworking Kits, None
335,147,Oliver,1,Male,Programming Robots, Cognitive Development
336,244,Sophia,6,Female,Coloring Books, Sensory Processing
337,187,Liam,7,Male,Space Exploration Kits, Speech Development
338,216,Ella,2,Female,Toy Vacuum Cleaner, None
339,120,Mia,9,Female,Math Puzzles, Fine Motor Skills
340,256,Aria,3,Female,DIY Electronics Kits, Cognitive Development
341,185,Olivia,10,Female,Art and Crafts,Speech Development
342,284,Logan,4,Male,Outdoor Exploration,Social Skills
343,220,Sophie,1,Female,Science Experiments,Critical Thinking
344,296,Harper,8,Female,Reading and Books,Language Fluency
345,236,Liam,5,Male,Sports and Games,Physical Coordination
346,118,Emma,6,Female,Imaginary Play,Social Interaction
347,282,Ava,2,Female,Music and Instruments,Auditory Skills
348,212,Olivia,7,Female,Math Puzzles,Problem Solving
349,141,Lucas,3,Male,Computer Programming,Logical Thinking
350,197,Sophia,8,Female,Role-Playing,Emotional Expression
351,146,Ella,5,Female,Cars, None
352,155,Lily,9,Female,Art and Crafts,Speech Development
353,122,Aria,4,Female,Stuffed Animals, Fine Motor Skills
354,271,Isaac,6,Male,Outdoor Play, None
355,163,Olivia,1,Female,Board Games, Cognitive Development
356,133,Emma,8,Female,Dolls, Sensory Processing
357,147,Liam,4,Male,Legos, None
358,272,Sophie,7,Female,Music and Instruments, Language Development
359,123,Harper,2,Female,Puzzles, Fine Motor Skills
360,238,Jack,6,Male,Video Games, Social Skills
361,297,Ella,9,Female,Action Figures, None
362,171,Oliver,3,Male,Science Kits, Cognitive Development
363,331,Mia,5,Female,Play Kitchen, Speech Development
364,228,Lucas,8,Male,Sports and Outdoor Games, None
365,141,Emma,3,Female,Building Blocks, Fine Motor Skills
366,301,Ava,6,Female,Coloring and Drawing, Sensory Processing
367,128,Liam,9,Male,Reading and Books, Speech Development
368,253,Olivia,2,Female,Play Dough, None
369,225,Sophia,7,Female,Play Dough, Cognitive Development
370,137,Harper,4,Female,Computer Programming, Fine Motor Skills
371,308,Oliver,1,Male,Trains, None
372,389,Emma,8,Female,Chess, Cognitive Development
373,164,Lily,6,Female,Water Play, Sensory Processing
374,121,Liam,3,Male,Math Games, None
375,297,Ella,10,Female,Magic Tricks, Cognitive Development
376,367,Aria,5,Female,Bicycles and Riding Toys, Fine Motor Skills
377,169,Lucas,2,Male,DIY Science Experiments, Speech Development
378,348,Sophie,7,Female,Playhouse, None
379,209,Olivia,4,Female,Geography and Maps, Cognitive Development
380,133,Mia,1,Female,Remote Control Toys, Fine Motor Skills
381,271,Ella,8,Female,Toy Instruments, Sensory Processing
382,293,Liam,5,Male,Robotics Kits, Cognitive Development
383,160,Emma,6,Female,Play Tents, None
384,237,Ava,3,Female,Writing and Drawing Tablets, Fine Motor Skills
385,143,Sophia,9,Female,Strategy Board Games, Speech Development
386,343,Lily,4,Female,Toy Tool Set, None
387,222,Liam,7,Male,Play Dough, Cognitive Development
388,303,Ella,2,Female,Magnetic Building Blocks, Fine Motor Skills
389,367,Jack,10,Male,Language Learning Games, Speech Development
390,311,Mia,5,Female,Outdoor Adventure Gear, None
391,194,Olivia,8,Female,Modeling Clay, Sensory Processing
392,285,Emma,1,Female,Virtual Reality Games, Cognitive Development
393,191,Sophie,6,Female,Interactive Storytelling Toys, None
394,344,Harper,9,Female,Play Dough, Fine Motor Skills
395,225,Liam,3,Male,LEGO Mindstorms, Cognitive Development
396,332,Ella,7,Female,Dress-up and Costumes, None
397,173,Ava,4,Female,Photography, Speech Development
398,287,Olivia,8,Female,Swing Set, Fine Motor Skills
399,132,Lucas,5,Male,Origami, None
400,348,Sophia,2,Female,3D Printing Kits, Cognitive Development
401,369,Liam,7,Male,Playdough Tools and Accessories, Sensory Processing
402,227,Emma,4,Female,History and Archaeology Kits, Speech Development
403,321,Olivia,9,Female,Magnetic Alphabet Letters, None
404,290,Isaac,1,Male,Model Trains, Fine Motor Skills
405,284,Ava,6,Female,Escape Room Games, Cognitive Development
406,259,Sophia,10,Female,Bubbles and Bubble Wands, None
407,311,Lily,2,Female,Remote Control Drones, Speech Development
408,387,Jack,5,Male,Toy Microscopes, Fine Motor Skills
409,240,Oliver,8,Male,Coding Board Games, None
410,302,Emma,3,Female,Artificial Intelligence Toys, Cognitive Development
411,347,Mia,7,Female,Sand and Water Tables, Sensory Processing
412,142,Charlotte,4,Female,Comic Books, Speech Development
413,193,Lucas,9,Male,Toy Binoculars, None
414,294,Ava,1,Female,Outdoor Climbing Set, Fine Motor Skills
415,217,Olivia,6,Female,Chess, Cognitive Development
416,248,Emma,8,Female,Play Kitchen, None
417,294,Ella,3,Female,Magnetic Poetry Kits, Speech Development
418,280,Liam,5,Male,Tricycles, Fine Motor Skills
419,372,Sophie,7,Female,Woodworking Kits, None
420,320,Oliver,2,Male,Programming Robots, Cognitive Development
421,191,Aria,9,Female,Coloring Books, Sensory Processing
422,310,Lucas,6,Male,Space Exploration Kits, Speech Development
423,381,Emma,3,Female,Toy Vacuum Cleaner, None
424,399,Ava,8,Female,Math Puzzles, Fine Motor Skills
425,226,Liam,1,Male,DIY Electronics Kits, Cognitive Development
426,301,Ella,6,Female,Art and Crafts,Speech Development
427,341,Olivia,9,Female,Outdoor Exploration,Social Skills
428,387,Mia,4,Female,Science Experiments,Critical Thinking
429,312,Sophia,7,Female,Reading and Books,Language Fluency
430,375,Lily,3,Female,Sports and Games,Physical Coordination
431,280,Jack,10,Male,Imaginary Play,Social Interaction
432,407,Ella,5,Female,Music and Instruments,Auditory Skills
433,220,Olivia,8,Female,Math Puzzles,Problem Solving
434,322,Liam,2,Male,Computer Programming,Logical Thinking
435,378,Emma,9,Female,Role-Playing,Emotional Expression
436,248,Sophia,4,Female,Cars, None
437,394,Ava,6,Female,Art and Crafts,Speech Development
438,398,Olivia,1,Female,Stuffed Animals, Fine Motor Skills
439,186,Ella,8,Female,Outdoor Play, None
440,340,Liam,5,Male,Board Games, Cognitive Development
441,230,Sophie,7,Female,Dolls, Sensory Processing
442,389,Oliver,4,Male,Legos, None
443,359,Emma,10,Female,Music and Instruments, Language Development
444,220,Ava,3,Female,Puzzles, Fine Motor Skills
445,216,Liam,8,Male,Video Games, Social Skills
446,325,Sophia,6,Female,Action Figures, None
447,299,Lily,9,Female,Science Kits, Cognitive Development
448,312,Ella,2,Female,Play Kitchen, Speech Development
449,405,Olivia,7,Female,Sports and Outdoor Games, None
450,332,Mia,5,Female,Building Blocks, Fine Motor Skills
451,482,Liam,7,Male,Coloring and Drawing, Sensory Processing
452,330,Emma,4,Female,Reading and Books, Speech Development
453,484,Olivia,9,Female,Play Dough, None
454,354,Isaac,1,Male,Play Dough, Cognitive Development
455,430,Ava,6,Female,Computer Programming, Fine Motor Skills
456,391,Sophia,10,Female,Trains, None
457,368,Lily,2,Female,Chess, Cognitive Development
458,473,Jack,5,Male,Water Play, Sensory Processing
459,383,Oliver,8,Male,Math Games, None
460,432,Emma,3,Female,Magic Tricks, Cognitive Development
461,466,Mia,7,Female,Bicycles and Riding Toys, Fine Motor Skills
462,355,Charlotte,4,Female,DIY Science Experiments, Speech Development
463,420,Lucas,9,Male,Playhouse, None
464,398,Ava,1,Female,Geography and Maps, Cognitive Development
465,470,Emma,6,Female,Remote Control Toys, Fine Motor Skills
466,497,Liam,8,Male,Toy Instruments, Sensory Processing
467,406,Ella,3,Female,Robotics Kits, Cognitive Development
468,494,Liam,5,Male,Play Tents, None
469,421,Sophie,7,Female,Writing and Drawing Tablets, Fine Motor Skills
470,468,Oliver,2,Male,Strategy Board Games, Speech Development
471,497,Aria,9,Female,Toy Tool Set, None
472,442,Lucas,6,Male,Play Dough, Cognitive Development
473,406,Emma,3,Female,Magnetic Building Blocks, Fine Motor Skills
474,492,Ava,8,Female,Language Learning Games, Speech Development
475,430,Liam,1,Male,Outdoor Adventure Gear, None
476,484,Ella,6,Female,Modeling Clay, Sensory Processing
477,494,Olivia,9,Female,Virtual Reality Games, Cognitive Development
478,486,Mia,4,Female,Interactive Storytelling Toys, None
479,421,Sophia,7,Female,Play Dough, Fine Motor Skills
480,496,Lily,3,Female,LEGO Mindstorms, Cognitive Development
481,441,Jack,10,Male,Dress-up and Costumes, None
482,447,Ella,5,Female,Photography, Speech Development
483,421,Olivia,8,Female,Swing Set, Fine Motor Skills
484,463,Liam,2,Male,Origami, None
485,479,Emma,9,Female,3D Printing Kits, Cognitive Development
486,448,Sophia,4,Female,Playdough Tools and Accessories, Sensory Processing
487,464,Ava,6,Female,History and Archaeology Kits, Speech Development
488,486,Olivia,1,Female,Magnetic Alphabet Letters, None
489,469,Ella,8,Female,Model Trains, Fine Motor Skills
490,440,Liam,5,Male,Escape Room Games, Cognitive Development
491,425,Sophie,7,Female,Bubbles and Bubble Wands, None
492,469,Oliver,4,Male,Remote Control Drones, Speech Development
493,459,Emma,10,Female,Toy Microscopes, Fine Motor Skills
494,443,Ava,3,Female,Coding Board Games, None
495,438,Liam,8,Male,Artificial Intelligence Toys, Cognitive Development
496,465,Sophia,6,Female,Sand and Water Tables, Sensory Processing
497,439,Lily,9,Female,Comic Books, Speech Development
498,458,Ella,2,Female,Toy Binoculars, None
499,405,Olivia,7,Female,Outdoor Climbing Set, Fine Motor Skills
500,472,Mia,5,Female,Chess, Cognitive Development
501,524,Liam,7,Male,Play Kitchen, None
502,536,Emma,4,Female,Magnetic Poetry Kits, Speech Development
503,549,Olivia,9,Female,Tricycles, Fine Motor Skills
504,515,Isaac,1,Male,Woodworking Kits, None
505,548,Ava,6,Female,Programming Robots, Cognitive Development
506,525,Sophia,10,Female,Coloring Books, Sensory Processing
507,503,Lily,2,Female,Space Exploration Kits, Speech Development
508,538,Jack,5,Male,Toy Vacuum Cleaner, None
509,514,Oliver,8,Male,Math Puzzles, Fine Motor Skills
510,532,Emma,3,Female,DIY Electronics Kits, Cognitive Development
511,504,Mia,7,Female,Art and Crafts,Speech Development
512,519,Charlotte,4,Female,Outdoor Exploration,Social Skills
513,543,Lucas,9,Male,Science Experiments,Critical Thinking
514,494,Ava,1,Female,Reading and Books,Language Fluency
515,540,Emma,6,Female,Sports and Games,Physical Coordination
516,530,Liam,8,Male,Imaginary Play,Social Interaction
517,513,Ella,3,Female,Music and Instruments,Auditory Skills
518,546,Liam,5,Male,Math Puzzles,Problem Solving
519,558,Sophie,7,Female,Computer Programming,Logical Thinking
520,516,Oliver,2,Male,Role-Playing,Emotional Expression
521,542,Aria,9,Female,Cars, None
522,518,Lucas,6,Male,Art and Crafts,Speech Development
523,508,Emma,3,Female,Stuffed Animals, Fine Motor Skills
524,551,Ava,8,Female,Outdoor Play, None
525,540,Liam,1,Male,Board Games, Cognitive Development
526,513,Ella,6,Female,Dolls, Sensory Processing
527,509,Olivia,9,Female,Legos, None
528,548,Mia,4,Female,Music and Instruments, Language Development
529,517,Sophia,7,Female,Puzzles, Fine Motor Skills
530,548,Lily,3,Female,Video Games, Social Skills
531,558,Jack,10,Male,Action Figures, None
532,564,Ella,5,Female,Science Kits, Cognitive Development
533,518,Olivia,8,Female,Play Kitchen, Speech Development
534,513,Liam,2,Male,Sports and Outdoor Games, None
535,578,Emma,9,Female,Building Blocks, Fine Motor Skills
536,515,Sophia,4,Female,Coloring and Drawing, Sensory Processing
537,524,Ava,6,Female,Reading and Books, Speech Development
538,536,Olivia,1,Female,Play Dough, None
539,569,Ella,8,Female,Play Dough, Cognitive Development
540,543,Liam,5,Male,Computer Programming, Fine Motor Skills
541,530,Sophie,7,Female,Trains, None
542,569,Oliver,4,Male,Chess, Cognitive Development
543,559,Emma,10,Female,Water Play, Sensory Processing
544,544,Ava,3,Female,Math Games, None
545,558,Liam,8,Male,Magic Tricks, Cognitive Development
546,565,Sophia,6,Female,Bicycles and Riding Toys, Fine Motor Skills
547,557,Lily,9,Female,DIY Science Experiments, Speech Development
548,508,Ella,2,Female,Playhouse, None
549,505,Olivia,7,Female,Geography and Maps, Cognitive Development
550,540,Mia,5,Female,Remote Control Toys, Fine Motor Skills
551,582,Liam,7,Male,Toy Instruments, Sensory Processing
552,530,Emma,4,Female,Robotics Kits, Cognitive Development
553,584,Olivia,9,Female,Play Tents, None
554,556,Isaac,1,Male,Writing and Drawing Tablets, Fine Motor Skills
555,561,Ava,6,Female,Strategy Board Games, Speech Development
556,546,Sophia,10,Female,Toy Tool Set, None
557,552,Lily,2,Female,Play Dough, Cognitive Development
558,573,Jack,5,Male,Magnetic Building Blocks, Fine Motor Skills
559,557,Oliver,8,Male,Language Learning Games, Speech Development
560,578,Emma,3,Female,Outdoor Adventure Gear, None
561,565,Mia,7,Female,Modeling Clay, Sensory Processing
562,541,Charlotte,4,Female,Virtual Reality Games, Cognitive Development
563,571,Lucas,9,Male,Interactive Storytelling Toys, None
564,594,Ava,1,Female,Play Dough, Fine Motor Skills
565,581,Emma,6,Female,LEGO Mindstorms, Cognitive Development
566,581,Liam,8,Male,Dress-up and Costumes, None
567,565,Ella,3,Female,Photography, Speech Development
568,587,Liam,5,Male,Swing Set, Fine Motor Skills
569,521,Sophie,7,Female,Origami, None
570,566,Oliver,2,Male,3D Printing Kits, Cognitive Development
571,562,Aria,9,Female,Playdough Tools and Accessories, Sensory Processing
572,526,Lucas,6,Male,History and Archaeology Kits, Speech Development
573,507,Emma,3,Female,Magnetic Alphabet Letters, None
574,591,Ava,8,Female,Model Trains, Fine Motor Skills
575,557,Liam,1,Male,Escape Room Games, Cognitive Development
576,578,Ella,6,Female,Bubbles and Bubble Wands, None
577,569,Olivia,9,Female,Remote Control Drones, Speech Development
578,551,Mia,4,Female,Toy Microscopes, Fine Motor Skills
579,551,Sophia,7,Female,Coding Board Games, None
580,531,Lily,3,Female,Artificial Intelligence Toys, Cognitive Development
581,583,Jack,10,Male,Sand and Water Tables, Sensory Processing
582,590,Ella,5,Female,Comic Books, Speech Development
583,540,Olivia,8,Female,Toy Binoculars, None
584,575,Liam,2,Male,Outdoor Climbing Set, Fine Motor Skills
585,579,Emma,9,Female,Chess, Cognitive Development
586,576,Sophia,4,Female,Play Kitchen, None
587,564,Ava,6,Female,Magnetic Poetry Kits, Speech Development
588,586,Olivia,1,Female,Tricycles, Fine Motor Skills
589,551,Ella,8,Female,Woodworking Kits, None
590,535,Liam,5,Male,Programming Robots, Cognitive Development
591,567,Sophie,7,Female,Coloring Books, Sensory Processing
592,569,Oliver,4,Male,Space Exploration Kits, Speech Development
593,579,Emma,10,Female,Toy Vacuum Cleaner, None
594,544,Ava,3,Female,Math Puzzles, Fine Motor Skills
595,548,Liam,8,Male,DIY Electronics Kits, Cognitive Development
596,555,Sophia,6,Female,Art and Crafts,Speech Development
597,561,Lily,9,Female,Outdoor Exploration,Social Skills
598,588,Ella,2,Female,Science Experiments,Critical Thinking
599,505,Olivia,7,Female,Reading and Books,Language Fluency
600,581,Mia,5,Female,Sports and Games,Physical Coordination
601,618,Liam,7,Male,Imaginary Play,Social Interaction
602,554,Emma,4,Female,Music and Instruments,Auditory Skills
603,620,Olivia,9,Female,Math Puzzles,Problem Solving
604,583,Isaac,1,Male,Computer Programming,Logical Thinking
605,628,Ava,6,Female,Role-Playing,Emotional Expression
606,621,Sophia,10,Female,Cars, None
607,616,Lily,2,Female,Art and Crafts,Speech Development
608,631,Jack,5,Male,Stuffed Animals, Fine Motor Skills
609,622,Oliver,8,Male,Outdoor Play, None
610,642,Emma,3,Female,Board Games, Cognitive Development
611,611,Mia,7,Female,Dolls, Sensory Processing
612,593,Charlotte,4,Female,Legos, None
613,616,Lucas,9,Male,Music and Instruments, Language Development
614,647,Ava,1,Female,Puzzles, Fine Motor Skills
615,610,Emma,6,Female,Video Games, Social Skills
616,635,Liam,8,Male,Action Figures, None
617,616,Ella,3,Female,Science Kits, Cognitive Development
618,651,Liam,5,Male,Play Kitchen, Speech Development
619,556,Sophie,7,Female,Sports and Outdoor Games, None
620,630,Oliver,2,Male,Building Blocks, Fine Motor Skills
621,644,Aria,9,Female,Coloring and Drawing, Sensory Processing
622,554,Lucas,6,Male,Reading and Books, Speech Development
623,620,Emma,3,Female,Play Dough, None
624,617,Ava,8,Female,Play Dough, Cognitive Development
625,596,Liam,1,Male,Computer Programming, Fine Motor Skills
626,630,Ella,6,Female,Trains, None
627,590,Olivia,9,Female,Chess, Cognitive Development
628,619,Mia,4,Female,Water Play, Sensory Processing
629,619,Sophia,7,Female,Math Games, None
630,599,Lily,3,Female,Magic Tricks, Cognitive Development
631,633,Jack,10,Male,Bicycles and Riding Toys, Fine Motor Skills
632,641,Ella,5,Female,DIY Science Experiments, Speech Development
633,607,Olivia,8,Female,Playhouse, None
634,556,Liam,2,Male,Geography and Maps, Cognitive Development
635,648,Emma,9,Female,Remote Control Toys, Fine Motor Skills
636,609,Sophia,4,Female,Toy Instruments, Sensory Processing
637,614,Ava,6,Female,Robotics Kits, Cognitive Development
638,634,Olivia,1,Female,Play Tents, None
639,561,Ella,8,Female,Writing and Drawing Tablets, Fine Motor Skills
640,547,Liam,5,Male,Strategy Board Games, Speech Development
641,628,Sophie,7,Female,Toy Tool Set, None
642,606,Oliver,4,Male,Play Dough, Cognitive Development
643,594,Emma,10,Female,Magnetic Building Blocks, Fine Motor Skills
644,543,Ava,3,Female,Language Learning Games, Speech Development
645,563,Liam,8,Male,Outdoor Adventure Gear, None
646,595,Sophia,6,Female,Modeling Clay, Sensory Processing
647,601,Lily,9,Female,Virtual Reality Games, Cognitive Development
648,646,Ella,2,Female,Interactive Storytelling Toys, None
649,604,Olivia,7,Female,Play Dough, Fine Motor Skills
650,587,Mia,5,Female,LEGO Mindstorms, Cognitive Development
651,684,Liam,7,Male,Dress-up and Costumes, None
652,607,Emma,4,Female,Photography, Speech Development
653,686,Olivia,9,Female,Swing Set, Fine Motor Skills
654,658,Isaac,1,Male,Origami, None
655,695,Ava,6,Female,3D Printing Kits, Cognitive Development
656,687,Sophia,10,Female,Playdough Tools and Accessories, Sensory Processing
657,665,Lily,2,Female,History and Archaeology Kits, Speech Development
658,697,Jack,5,Male,Magnetic Alphabet Letters, None
659,664,Oliver,8,Male,Model Trains, Fine Motor Skills
660,672,Emma,3,Female,Escape Room Games, Cognitive Development
661,650,Mia,7,Female,Bubbles and Bubble Wands, None
662,653,Charlotte,4,Female,Remote Control Drones, Speech Development
663,673,Lucas,9,Male,Toy Microscopes, Fine Motor Skills
664,670,Ava,1,Female,Coding Board Games, None
665,657,Emma,6,Female,Artificial Intelligence Toys, Cognitive Development
666,675,Liam,8,Male,Sand and Water Tables, Sensory Processing
667,681,Ella,3,Female,Comic Books, Speech Development
668,671,Liam,5,Male,Toy Binoculars, None
669,690,Sophie,7,Female,Outdoor Climbing Set, Fine Motor Skills
670,662,Oliver,2,Male,Chess, Cognitive Development
671,697,Aria,9,Female,Play Kitchen, None
672,694,Lucas,6,Male,Magnetic Poetry Kits, Speech Development
673,654,Emma,3,Female,Tricycles, Fine Motor Skills
674,689,Ava,8,Female,Woodworking Kits, None
675,674,Liam,1,Male,Programming Robots, Cognitive Development
676,678,Ella,6,Female,Coloring Books, Sensory Processing
677,667,Olivia,9,Female,Space Exploration Kits, Speech Development
678,683,Mia,4,Female,Toy Vacuum Cleaner, None
679,683,Sophia,7,Female,Math Puzzles, Fine Motor Skills
680,668,Lily,3,Female,DIY Electronics Kits, Cognitive Development
681,665,Jack,10,Male,Art and Crafts,Speech Development
682,676,Ella,5,Female,Outdoor Exploration,Social Skills
683,607,Olivia,8,Female,Science Experiments,Critical Thinking
684,651,Liam,2,Male,Reading and Books,Language Fluency
685,682,Emma,9,Female,Sports and Games,Physical Coordination
686,669,Sophia,4,Female,Imaginary Play,Social Interaction
687,674,Ava,6,Female,Music and Instruments,Auditory Skills
688,698,Olivia,1,Female,Math Puzzles,Problem Solving
689,663,Ella,8,Female,Computer Programming,Logical Thinking
690,656,Liam,5,Male,Role-Playing,Emotional Expression
691,670,Sophie,7,Female,Cars, None
692,662,Oliver,4,Male,Art and Crafts,Speech Development
693,698,Emma,10,Female,Stuffed Animals, Fine Motor Skills
694,643,Ava,3,Female,Outdoor Play, None
695,673,Liam,8,Male,Board Games, Cognitive Development
696,651,Sophia,6,Female,Dolls, Sensory Processing
697,656,Lily,9,Female,Legos, None
698,669,Ella,2,Female,Music and Instruments, Language Development
699,652,Olivia,7,Female,Puzzles, Fine Motor Skills
700,665,Mia,5,Female,Video Games, Social Skills
701,712,Liam,7,Male,Action Figures, None
702,664,Emma,4,Female,Science Kits, Cognitive Development
703,714,Olivia,9,Female,Play Kitchen, Speech Development
704,670,Isaac,1,Male,Sports and Outdoor Games, None
705,726,Ava,6,Female,Building Blocks, Fine Motor Skills
706,715,Sophia,10,Female,Coloring and Drawing, Sensory Processing
707,675,Lily,2,Female,Reading and Books, Speech Development
708,727,Jack,5,Male,Play Dough, None
709,726,Oliver,8,Male,Play Dough, Cognitive Development
710,740,Emma,3,Female,Computer Programming, Fine Motor Skills
711,700,Mia,7,Female,Trains, None
712,697,Charlotte,4,Female,Chess, Cognitive Development
713,727,Lucas,9,Male,Water Play, Sensory Processing
714,735,Ava,1,Female,Math Games, None
715,702,Emma,6,Female,Magic Tricks, Cognitive Development
716,744,Liam,8,Male,Bicycles and Riding Toys, Fine Motor Skills
717,742,Ella,3,Female,DIY Science Experiments, Speech Development
718,728,Liam,5,Male,Playhouse, None
719,705,Sophie,7,Female,Geography and Maps, Cognitive Development
720,731,Oliver,2,Male,Remote Control Toys, Fine Motor Skills
721,743,Aria,9,Female,Toy Instruments, Sensory Processing
722,742,Lucas,6,Male,Robotics Kits, Cognitive Development
723,705,Emma,3,Female,Play Tents, None
724,732,Ava,8,Female,Writing and Drawing Tablets, Fine Motor Skills
725,718,Liam,1,Male,Strategy Board Games, Speech Development
726,719,Ella,6,Female,Toy Tool Set, None
727,707,Olivia,9,Female,Play Dough, Cognitive Development
728,725,Mia,4,Female,Magnetic Building Blocks, Fine Motor Skills
729,725,Sophia,7,Female,Language Learning Games, Speech Development
730,729,Lily,3,Female,Outdoor Adventure Gear, None
731,733,Jack,10,Male,Modeling Clay, Sensory Processing
732,739,Ella,5,Female,Virtual Reality Games, Cognitive Development
733,703,Olivia,8,Female,Interactive Storytelling Toys, None
734,686,Liam,2,Male,Play Dough, Fine Motor Skills
735,727,Emma,9,Female,LEGO Mindstorms, Cognitive Development
736,709,Sophia,4,Female,Dress-up and Costumes, None
737,733,Ava,6,Female,Photography, Speech Development
738,745,Olivia,1,Female,Swing Set, Fine Motor Skills
739,713,Ella,8,Female,Origami, None
740,706,Liam,5,Male,3D Printing Kits, Cognitive Development
741,720,Sophie,7,Female,Playdough Tools and Accessories, Sensory Processing
742,727,Oliver,4,Male,History and Archaeology Kits, Speech Development
743,719,Emma,10,Female,Magnetic Alphabet Letters, None
744,694,Ava,3,Female,Model Trains, Fine Motor Skills
745,707,Liam,8,Male,Escape Room Games, Cognitive Development
746,685,Sophia,6,Female,Bubbles and Bubble Wands, None
747,711,Lily,9,Female,Remote Control Drones, Speech Development
748,735,Ella,2,Female,Toy Microscopes, Fine Motor Skills
749,704,Olivia,7,Female,Coding Board Games, None
750,726,Mia,5,Female,Artificial Intelligence Toys, Cognitive Development
