Toy Category,Age Range,Skill Development,Play Pattern,Educational Value
Building Blocks,2-5 years,Hand-eye coordination,Construction,Yes
Puzzle,3-8 years,Problem-solving,Logical Thinking,Yes
Stuffed Animals,0-3 years,Emotional development,Pretend Play,No
Educational Board Game,6-12 years,Critical thinking,Strategy,Yes
Art Supplies,4-10 years,Creative expression,Art and Craft,Yes
Musical Instrument,2-8 years,Coordination and rhythm,Musical Play,Yes
Remote Control Car,8-14 years,Fine motor skills,Outdoor Play,No
Science Kit,7-12 years,Scientific curiosity,Experimentation,Yes
Dollhouse,3-8 years,Imagination,Pretend Play,Yes
Interactive Learning Tablet,2-6 years,Language development,Interactive Learning,Yes
Toy Kitchen Set,3-7 years,Social skills,Pretend Play,Yes
Outdoor Sports Equipment,5-12 years,Physical fitness,Outdoor Play,Yes
Play Dough Set,2-6 years,Fine motor skills,Creative Expression,Yes
Robotics Kit,10-16 years,Programming skills,STEM Education,Yes
Memory Card Game,4-8 years,Memory enhancement,Cognitive Skills,Yes
Dress-up Costumes,3-8 years,Imagination,Pretend Play,No
Building and Engineering Kit,6-14 years,Problem-solving,Construction,Yes
Toy Phone,1-3 years,Imitative play,Sensory Exploration,No
Word Puzzle,5-10 years,Language skills,Word Recognition,Yes
Toy Telescope,8-12 years,Curiosity,Astronomy Education,Yes
Play Cash Register,4-7 years,Math skills,Role Play,Yes
Educational Flashcards,2-6 years,Alphabet and numbers,Visual Learning,Yes
Teddy Bear,0-5 years,Comfort and security,Pretend Play,No
Dinosaur Figures,3-10 years,Imagination,Small World Play,No
Math Learning Toy,4-8 years,Math skills,Interactive Learning,Yes
Coloring Book Set,3-8 years,Fine motor skills,Art and Creativity,Yes
Construction Vehicle Set,2-6 years,Imagination,Construction Play,No
Jigsaw Floor Puzzle,3-7 years,Problem-solving,Visual Spatial Skills,Yes
Doll with Accessories,4-10 years,Imagination,Pretend Play,No
Educational Laptop,5-9 years,Early learning concepts,Interactive Learning,Yes
Remote Control Drone,10-16 years,Hand-eye coordination,Outdoor Play,No
Fidget Spinner,6-14 years,Stress relief,Fidget Play,No
Toy Train Set,2-8 years,Imagination,Construction Play,Yes
Bike with Training Wheels,3-6 years,Physical fitness,Outdoor Play,No
Magnetic Drawing Board,2-6 years,Fine motor skills,Creative Expression,Yes
Storytelling Puppet Set,4-8 years,Language development,Storytelling,Yes
Toy Toolbox,3-7 years,Imagination,Construction Play,No
Stacking Cups,1-3 years,Fine motor skills,Stacking Play,Yes
Art Easel with Paints,3-10 years,Creative expression,Art and Creativity,Yes
Toy Microscope,5-12 years,Scientific curiosity,STEM Education,Yes
Construction Brick Set,4-10 years,Problem-solving,Construction,Yes
Educational Tablet for Kids,2-6 years,Language development,Interactive Learning,Yes
Balance Bike,2-5 years,Balance and coordination,Outdoor Play,No
Wooden Jigsaw Puzzle,3-8 years,Problem-solving,Visual Spatial Skills,Yes
Magnetic Alphabet Letters,2-5 years,Alphabet recognition,Interactive Learning,Yes
Doll Stroller,2-6 years,Imagination,Pretend Play,No
Coding Robot,6-12 years,Coding skills,STEM Education,Yes
Shape Sorting Toy,1-3 years,Shape recognition,Early Learning,Yes
Science Experiment Kit,8-14 years,Experimentation,STEM Education,Yes
Musical Keyboard,3-8 years,Musical skills,Musical Play,Yes
Toy Doctor Kit,3-7 years,Social skills,Role Play,Yes
Gardening Kit for Kids,4-10 years,Outdoor exploration,Science Education,Yes
Magic Markers Set,4-8 years,Fine motor skills,Art and Creativity,Yes
Toy Cash Register,3-7 years,Math skills,Role Play,Yes
Interactive Globe,7-12 years,Geography knowledge,Interactive Learning,Yes
Robot Dinosaur Toy,3-8 years,Imagination,Interactive Play,Yes
Watercolor Painting Set,5-12 years,Fine motor skills,Art and Creativity,Yes
Chess Set for Kids,6-12 years,Strategic thinking,Strategy,Yes
DIY Jewelry Making Kit,8-14 years,Fine motor skills,Creative Expression,Yes
Memory Match Card Game,4-8 years,Memory enhancement,Cognitive Skills,Yes
Wooden Train Set,2-8 years,Imagination,Construction Play,Yes
Spelling Bee Game,5-10 years,Spelling skills,Language Education,Yes
Toy Kitchen Utensils,2-6 years,Imagination,Pretend Play,Yes
Glow-in-the-Dark Stars,3-10 years,Imagination,Visual Learning,No
Marble Run Toy,4-10 years,Logical thinking,Construction,Yes
Interactive Storybook,2-6 years,Language development,Storytelling,Yes
Shape and Color Sorting,1-4 years,Cognitive skills,Early Learning,Yes
Coding Board Game,6-12 years,Logical thinking,Coding Education,Yes
Foam Building Blocks,1-5 years,Construction,Stacking Play,No
Dinosaur Puzzle,3-8 years,Problem-solving,Visual Spatial Skills,Yes
Play Kitchen Appliances,3-7 years,Imagination,Pretend Play,Yes
Sensory Play Kit,1-3 years,Sensory exploration,Early Learning,Yes
Math Flashcards,4-8 years,Math skills,Visual Learning,Yes
Wooden Building Set,4-10 years,Problem-solving,Construction,Yes
Colorful Playdough,2-6 years,Fine motor skills,Creative Expression,Yes
Educational Puzzle Mat,1-4 years,Cognitive development,Early Learning,No
Robot Building Kit,8-14 years,Engineering skills,STEM Education,Yes
Soft Baby Book,0-2 years,Sensory exploration,Reading,Yes
Wooden Shape Sorter,1-4 years,Cognitive skills,Shape Recognition,Yes
Remote Control Helicopter,6-12 years,Hand-eye coordination,Outdoor Play,No
Building Toy Robots,8-14 years,Problem-solving,STEM Education,Yes
Giant Coloring Poster,3-10 years,Creative expression,Art and Creativity,Yes
Water Play Table,2-6 years,Imagination,Water Play,Yes
Musical Tambourine,1-5 years,Coordination and rhythm,Musical Play,Yes
Educational Card Games,4-8 years,Math and Language skills,Interactive Learning,Yes
Kid's Telescope,5-10 years,Curiosity,Astronomy Education,Yes
Fishing Game,3-6 years,Fine motor skills,Outdoor Play,Yes
Shape Recognition Cube,2-4 years,Cognitive skills,Early Learning,Yes
Art and Craft Supplies,4-10 years,Creative expression,Art and Craft,Yes
Remote Control Boat,8-14 years,Hand-eye coordination,Outdoor Play,No
Interactive Math Puzzle,6-10 years,Math skills,Interactive Learning,Yes
Garden Tool Set,3-8 years,Outdoor exploration,Role Play,Yes
Magnetic Building Tiles,3-8 years,Imagination,Construction,Yes
Plush Puppet Set,3-7 years,Imagination,Storytelling,Yes
Shape Sorting Cube,1-4 years,Cognitive skills,Early Learning,Yes
Interactive Dinosaur Toy,4-10 years,Imagination,Interactive Play,Yes
Paint Your Own Pottery Kit,6-12 years,Fine motor skills,Creative Expression,Yes
Robotics Coding Kit,8-14 years,Programming skills,STEM Education,Yes
Colorful Play Scarves,2-6 years,Imagination,Pretend Play,Yes
Construction Paper Set,4-10 years,Creative expression,Art and Craft,Yes
Educational Bingo Game,5-10 years,Language and Math skills,Interactive Learning,Yes
Sand and Water Table,3-7 years,Imagination,Sensory Play,Yes
Toy Cooking Utensils,2-6 years,Imagination,Pretend Play,Yes
Miniature Golf Set,3-8 years,Hand-eye coordination,Outdoor Play,Yes
Interactive Alphabet Chart,2-5 years,Alphabet recognition,Interactive Learning,Yes
Storytelling Dice Set,5-10 years,Imagination,Storytelling,Yes
Dollhouse Furniture Set,4-10 years,Imagination,Pretend Play,No
Balance Board,3-7 years,Balance and coordination,Physical Play,Yes
Educational Memory Game,4-8 years,Memory enhancement,Cognitive Skills,Yes
Toy Construction Crane,4-10 years,Imagination,Construction,Yes
Language Learning Cards,2-6 years,Language development,Visual Learning,Yes
Ice Cream Shop Playset,3-7 years,Social skills,Pretend Play,Yes
Educational Clock,5-9 years,Time-telling skills,Math Education,Yes
Cardboard Building Blocks,2-5 years,Construction,Stacking Play,Yes
Travel Art Kit,6-12 years,Creative expression,Art on the Go,Yes
Outdoor Explorer Kit,5-10 years,Outdoor exploration,Science Education,Yes
Interactive Math Game,7-12 years,Math skills,Interactive Learning,Yes
Robot Vacuum Cleaner Toy,3-7 years,Imagination,Pretend Play,No
Glowing Solar System,6-12 years,Space exploration,Science Education,Yes
Language Learning Tablet,2-6 years,Language development,Interactive Learning,Yes
Magnetic Dress-up Dolls,3-7 years,Imagination,Pretend Play,Yes
Coding Robot Bee,5-10 years,Coding skills,STEM Education,Yes
Sand Art Kit,4-8 years,Fine motor skills,Creative Expression,Yes
Kids Digital Camera,4-10 years,Creativity,Photography,No
Construction Crane Toy,3-8 years,Imagination,Construction Play,Yes
Soft Baby Blocks,0-2 years,Sensory exploration,Stacking Play,Yes
Wooden Animal Puzzle,1-4 years,Cognitive skills,Shape Recognition,Yes
RC Racing Car,6-12 years,Hand-eye coordination,Outdoor Play,No
Giant Coloring Book,3-10 years,Creative expression,Art and Creativity,Yes
Sand and Water Play Table,2-6 years,Imagination,Sensory Play,Yes
Miniature Drum Set,1-5 years,Coordination and rhythm,Musical Play,Yes
Educational Flashcards Set,4-8 years,Math and Language skills,Interactive Learning,Yes
Play Doctor Set,3-7 years,Social skills,Role Play,Yes
Child-Friendly Telescope,5-10 years,Curiosity,Astronomy Education,Yes
Fishing Rod Game,3-6 years,Fine motor skills,Outdoor Play,Yes
Interactive Shape Sorter,2-4 years,Cognitive skills,Early Learning,Yes
Kid's Educational Laptop,5-9 years,Early learning concepts,Interactive Learning,Yes
Artistic Clay Set,4-10 years,Creative expression,Art and Craft,Yes
Remote Control Speed Boat,8-14 years,Hand-eye coordination,Outdoor Play,No
Interactive Math Puzzle Board,6-10 years,Math skills,Interactive Learning,Yes
Children's Garden Tool Set,3-8 years,Outdoor exploration,Role Play,Yes
Magic Coloring Markers,4-8 years,Fine motor skills,Art and Creativity,Yes
Magnetic Construction Tiles,3-8 years,Imagination,Construction,Yes
Astronomy Discovery Telescope,8-12 years,Curiosity,Astronomy Education,Yes
Educational Alphabet Cards,2-6 years,Alphabet and numbers,Visual Learning,Yes
Plush Animal Puppets,3-7 years,Imagination,Storytelling,Yes
Cube Shape Sorter,1-4 years,Cognitive skills,Early Learning,Yes
Interactive Robotic Dinosaur,4-10 years,Imagination,Interactive Play,Yes
Pottery Painting Kit,6-12 years,Fine motor skills,Creative Expression,Yes
Coding and Robotics Kit,8-14 years,Programming skills,STEM Education,Yes
Colorful Play Silks,2-6 years,Imagination,Pretend Play,Yes
Assorted Construction Paper,4-10 years,Creative expression,Art and Craft,Yes
Educational Bingo Set,5-10 years,Language and Math skills,Interactive Learning,Yes
Water and Sand Play Table,3-7 years,Imagination,Sensory Play,Yes
Musical Toy Keyboard,3-8 years,Musical skills,Musical Play,Yes
Pretend Play Cooking Utensils,2-6 years,Imagination,Pretend Play,Yes
Glow-in-the-Dark Ceiling Stars,3-10 years,Imagination,Visual Learning,No
Marble Maze Run Toy,4-10 years,Logical thinking,Construction,Yes
Interactive Storybook App,2-6 years,Language development,Storytelling,Yes
Toy Cash Register and Scanner,3-7 years,Math skills,Role Play,Yes
Shape and Color Recognition Cube,1-4 years,Cognitive skills,Early Learning,Yes
Coding Adventure Board Game,6-12 years,Logical thinking,Coding Education,Yes
Soft Foam Building Blocks,1-5 years,Construction,Stacking Play,No
Dinosaur Discovery Puzzle,3-8 years,Problem-solving,Visual Spatial Skills,Yes
Play Kitchen Appliance Set,3-7 years,Imagination,Pretend Play,Yes
Sensory Play Dough Kit,1-3 years,Sensory exploration,Early Learning,Yes
Math Flashcard Set,4-8 years,Math skills,Visual Learning,Yes
Interactive Geography Globe,7-12 years,Geography knowledge,Interactive Learning,Yes
Wooden Building Block Set,4-10 years,Problem-solving,Construction,Yes
Colorful Modeling Clay,2-6 years,Fine motor skills,Creative Expression,Yes
Educational Puzzle Floor Mat,1-4 years,Cognitive development,Early Learning,No
Robotics Building Kit,8-14 years,Engineering skills,STEM Education,Yes
Mini Golf Putting Set,3-8 years,Hand-eye coordination,Outdoor Play,Yes
Interactive Alphabet Learning Chart,2-5 years,Alphabet recognition,Interactive Learning,Yes
Toy Doctor and Vet Kit,3-7 years,Social skills,Role Play,Yes
Giant Floor Puzzle,3-7 years,Problem-solving,Visual Spatial Skills,Yes
Dollhouse Furniture and Dolls,4-10 years,Imagination,Pretend Play,No
Balance Board Game,3-7 years,Balance and coordination,Physical Play,Yes
Educational Memory Match Game,4-8 years,Memory enhancement,Cognitive Skills,Yes
Construction Crane Building Toy,4-10 years,Imagination,Construction,Yes
Language Learning Flashcards,2-6 years,Language development,Visual Learning,Yes
Ice Cream Shop Play Set,3-7 years,Social skills,Pretend Play,Yes
Educational Clock Toy,5-9 years,Time-telling skills,Math Education,Yes
Giant Cardboard Building Blocks,2-5 years,Construction,Stacking Play,Yes
Travel Art Kit for Kids,6-12 years,Creative expression,Art on the Go,Yes
Outdoor Exploration Kit,5-10 years,Outdoor exploration,Science Education,Yes
Interactive Math Board Game,7-12 years,Math skills,Interactive Learning,Yes
Toy Robot Vacuum Cleaner,3-7 years,Imagination,Pretend Play,No
Glowing Solar System Model,6-12 years,Space exploration,Science Education,Yes
Language Learning Tablet for Kids,2-6 years,Language development,Interactive Learning,Yes
Magnetic Dress-up Doll Set,3-7 years,Imagination,Pretend Play,Yes
Sand Art Craft Kit,4-8 years,Fine motor skills,Creative Expression,Yes
Children's Digital Camera,4-10 years,Creativity,Photography,No
Construction Crane Toy Truck,3-8 years,Imagination,Construction Play,Yes
Soft Baby Rattle,0-2 years,Sensory exploration,Shaking Play,Yes
Wooden Alphabet Blocks,1-4 years,Cognitive skills,Building Play,Yes
RC Off-Road Truck,6-12 years,Hand-eye coordination,Outdoor Play,No
Coding and Robotics Lab,8-14 years,Programming skills,STEM Education,Yes
Large Coloring Poster,3-10 years,Creative expression,Art and Creativity,Yes
Sand and Water Sensory Table,2-6 years,Imagination,Sensory Play,Yes
Kids Drum Set,1-5 years,Coordination and rhythm,Musical Play,Yes
Educational Matching Cards,4-8 years,Matching skills,Memory Enhancement,Yes
Pretend Play Kitchen Set,3-7 years,Social skills,Pretend Play,Yes
Astronomy Telescope,5-10 years,Curiosity,Astronomy Education,Yes
Fishing Magnetic Game,3-6 years,Fine motor skills,Outdoor Play,Yes
Interactive Sorting Cube,2-4 years,Cognitive skills,Early Learning,Yes
Kid's Educational Tablet,5-9 years,Early learning concepts,Interactive Learning,Yes
DIY Craft Kit,4-10 years,Creative expression,Art and Craft,Yes
Remote Control Sailboat,8-14 years,Hand-eye coordination,Outdoor Play,No
Interactive Math Board Game,6-10 years,Math skills,Interactive Learning,Yes
Children's Gardening Tool Set,3-8 years,Outdoor exploration,Role Play,Yes
Magic Color-changing Markers,4-8 years,Fine motor skills,Art and Creativity,Yes
Magnetic Building Blocks,3-8 years,Imagination,Construction,Yes
Astronomy Discovery Kit,8-12 years,Curiosity,Astronomy Education,Yes
Educational Number Cards,2-6 years,Numbers recognition,Visual Learning,Yes
Plush Animal Hand Puppets,3-7 years,Imagination,Storytelling,Yes
Interactive Robotic Dinosaur Toy,4-10 years,Imagination,Interactive Play,Yes
Pottery Wheel Kit,6-12 years,Fine motor skills,Creative Expression,Yes
Coding and Robotics Experiment Kit,8-14 years,Programming skills,STEM Education,Yes
Silk Play Scarves,2-6 years,Imagination,Pretend Play,Yes
Assorted Construction Paper Set,4-10 years,Creative expression,Art and Craft,Yes
Educational Bingo Game Set,5-10 years,Language and Math skills,Interactive Learning,Yes
Water and Sand Sensory Play Table,3-7 years,Imagination,Sensory Play,Yes
Pretend Play Cooking Utensils Set,2-6 years,Imagination,Pretend Play,Yes
Marble Maze Building Set,4-10 years,Logical thinking,Construction,Yes
Toy Cash Register and Scanner Set,3-7 years,Math skills,Role Play,Yes
Soft Foam Building Blocks Set,1-5 years,Construction,Stacking Play,No
Colorful Modeling Clay Set,2-6 years,Fine motor skills,Creative Expression,Yes
Dollhouse Furniture and Dolls Set,4-10 years,Imagination,Pretend Play,No
Giant Cardboard Building Blocks Set,2-5 years,Construction,Stacking Play,Yes
Soft Stacking Rings,0-2 years,Fine motor skills,Stacking Play,Yes
Wooden Animal Jigsaw Puzzle,1-4 years,Problem-solving,Visual Spatial Skills,Yes
RC Monster Truck,6-12 years,Hand-eye coordination,Outdoor Play,No
Robotics Exploration Kit,8-14 years,Programming skills,STEM Education,Yes
Giant Doodle Mat,3-10 years,Creative expression,Art and Creativity,Yes
Sensory Water Beads Kit,2-6 years,Sensory exploration,Water Play,Yes
Kids Xylophone,1-5 years,Coordination and rhythm,Musical Play,Yes
Educational Math Games,4-8 years,Math skills,Interactive Learning,Yes
Pretend Play Tool Set,3-7 years,Imagination,Role Play,Yes
Astronomy Binoculars,5-10 years,Observation skills,Science Education,Yes
Fishing Magnetic Puzzle,3-6 years,Fine motor skills,Outdoor Play,Yes
Interactive Shape Recognition Toy,2-4 years,Cognitive skills,Early Learning,Yes
Kid's Coding Tablet,5-9 years,Logic and Coding skills,Interactive Learning,Yes
DIY Craft Painting Kit,4-10 years,Creative expression,Art and Craft,Yes
Remote Control Speedboat,8-14 years,Hand-eye coordination,Outdoor Play,No
Educational Alphabet Flashcards,2-6 years,Alphabet recognition,Visual Learning,Yes
Cube Shape Sorting Toy,1-4 years,Cognitive skills,Early Learning,Yes
Soft Stacking Cubes,0-2 years,Fine motor skills,Stacking Play,Yes
Wooden Puzzle Blocks,1-4 years,Cognitive skills,Shape Recognition,Yes
RC Rock Crawler,6-12 years,Hand-eye coordination,Outdoor Play,No
Sensory Play Dough Kit,2-6 years,Sensory exploration,Creative Play,Yes
Kids Harmonica,1-5 years,Coordination and rhythm,Musical Play,Yes
Pretend Play Kitchen Appliances,3-7 years,Imagination,Pretend Play,Yes
Astronomy Puzzle,5-10 years,Problem-solving,Science Education,Yes
Interactive Shape Sorting Cube,2-4 years,Cognitive skills,Early Learning,Yes
Kid's Coding Laptop,5-9 years,Logic and Coding skills,Interactive Learning,Yes
DIY Jewelry Craft Kit,4-10 years,Fine motor skills,Creative Expression,Yes
Interactive Math Puzzle Game,6-10 years,Math skills,Interactive Learning,Yes
Children's Gardening Kit,3-8 years,Outdoor exploration,Role Play,Yes
Magic Watercolor Markers,4-8 years,Fine motor skills,Art and Creativity,Yes
Educational Alphabet Cards,2-6 years,Alphabet recognition,Visual Learning,Yes
Plush Hand Puppets,3-7 years,Imagination,Storytelling,Yes
Wooden Building Blocks,1-4 years,Cognitive skills,Construction,Yes
Sensory Playdough Kit,2-6 years,Sensory exploration,Creative Play,Yes
Kids Kazoo,1-5 years,Coordination and rhythm,Musical Play,Yes
DIY Bracelet Craft Kit,4-10 years,Fine motor skills,Creative Expression,Yes
Glow-in-the-Dark Stars Kit,3-10 years,Imagination,Visual Learning,No
Sensory Playdough Kit,1-3 years,Sensory exploration,Early Learning,Yes
Soft Sensory Balls,0-2 years,Sensory exploration,Squeezing Play,Yes
Wooden Shape Sorting Toy,1-4 years,Cognitive skills,Shape Recognition,Yes
RC Off-Road Buggy,6-12 years,Hand-eye coordination,Outdoor Play,No
Giant Watercolor Pad,3-10 years,Creative expression,Art and Creativity,Yes
Sensory Play Sand Kit,2-6 years,Sensory exploration,Sand Play,Yes
Kids Tambourine,1-5 years,Coordination and rhythm,Musical Play,Yes
Educational Spelling Game,4-8 years,Language skills,Interactive Learning,Yes
Pretend Play Doctor Kit,3-7 years,Social skills,Role Play,Yes
Astronomy Puzzle Globe,5-10 years,Geography knowledge,Science Education,Yes
Fishing Magnetic Board Game,3-6 years,Fine motor skills,Outdoor Play,Yes
Interactive Shape Recognition Cube,2-4 years,Cognitive skills,Early Learning,Yes
Kid's Educational Coding Robot,5-9 years,Logic and Coding skills,STEM Education,Yes
DIY Bead Jewelry Kit,4-10 years,Fine motor skills,Creative Expression,Yes
Remote Control Hovercraft,8-14 years,Hand-eye coordination,Outdoor Play,No
Children's Outdoor Explorer Kit,3-8 years,Outdoor exploration,Role Play,Yes
Magic Color-changing Crayons,4-8 years,Fine motor skills,Art and Creativity,Yes
Magnetic Construction Set,3-8 years,Imagination,Construction,Yes
Astronomy Telescope Kit,8-12 years,Curiosity,Astronomy Education,Yes
Educational Word Cards,2-6 years,Language development,Visual Learning,Yes
Plush Animal Finger Puppets,3-7 years,Imagination,Storytelling,Yes
Interactive Robotic Coding Ball,4-10 years,Programming skills,Interactive Play,Yes
Assorted Origami Paper Set,4-10 years,Creative expression,Art and Craft,Yes
Educational Spelling Bee Game,5-10 years,Language and Memory skills,Interactive Learning,Yes
Musical Toy Drum Set,3-8 years,Musical skills,Musical Play,Yes
Pretend Play Tea Set,2-6 years,Imagination,Pretend Play,Yes
Glow-in-the-Dark Wall Decals,3-10 years,Imagination,Visual Learning,No
Marble Run Building Set,4-10 years,Logical thinking,Construction,Yes
Interactive Storytelling App,2-6 years,Language development,Storytelling,Yes
Coding Adventure Puzzle Game,6-12 years,Logical thinking,Coding Education,Yes
Dinosaur Puzzle Play Mat,3-8 years,Problem-solving,Visual Spatial Skills,Yes
Play Kitchen Food Set,3-7 years,Imagination,Pretend Play,Yes
Interactive Geography Puzzle,7-12 years,Geography knowledge,Interactive Learning,Yes
Soft Sensory Blocks,0-2 years,Sensory exploration,Stacking Play,Yes
Wooden Pattern Blocks,1-4 years,Cognitive skills,Shape Recognition,Yes
RC Stunt Car,6-12 years,Hand-eye coordination,Outdoor Play,No
Giant Chalk Drawing Pad,3-10 years,Creative expression,Art and Creativity,Yes
Sensory Play Clay Kit,2-6 years,Sensory exploration,Creative Play,Yes
Kids Recorder Flute,1-5 years,Coordination and rhythm,Musical Play,Yes
Educational Geography Puzzle,4-8 years,Geography knowledge,Interactive Learning,Yes
Pretend Play Supermarket Set,3-7 years,Imagination,Pretend Play,Yes
Astronomy Space Exploration Kit,5-10 years,Problem-solving,Science Education,Yes
Fishing Magnetic Fishing Rod,3-6 years,Fine motor skills,Outdoor Play,Yes
Interactive Shape Matching Toy,2-4 years,Cognitive skills,Early Learning,Yes
Kid's Programming Tablet,5-9 years,Logic and Coding skills,Interactive Learning,Yes
DIY Clay Pottery Kit,4-10 years,Fine motor skills,Creative Expression,Yes
Remote Control Airplane,8-14 years,Hand-eye coordination,Outdoor Play,No
Interactive Math Board Puzzle,6-10 years,Math skills,Interactive Learning,Yes
Children's Bird Watching Kit,3-8 years,Outdoor exploration,Role Play,Yes
Magic Scratch Art Set,4-8 years,Fine motor skills,Art and Creativity,Yes
Educational Word Building Blocks,2-6 years,Language development,Visual Learning,Yes
Plush Animal Puppet Theater,3-7 years,Imagination,Storytelling,Yes
Shape Sorting Cube Puzzle,1-4 years,Cognitive skills,Early Learning,Yes
Interactive Coding Robot Bee,4-10 years,Programming skills,Interactive Play,Yes
Soft Sensory Cubes,0-2 years,Sensory exploration,Stacking Play,Yes
Wooden Alphabet Blocks,1-4 years,Cognitive skills,Alphabet Recognition,Yes
Coding and Robotics Workshop,8-14 years,Programming skills,STEM Education,Yes
Giant Watercolor Easel,3-10 years,Creative expression,Art and Creativity,Yes
Sensory Play Sand Kit,2-6 years,Sensory exploration,Creative Play,Yes
Educational Spelling Bee Game,4-8 years,Language skills,Interactive Learning,Yes
Pretend Play Tool Set,3-7 years,Imagination,Pretend Play,Yes
Astronomy Planetarium Projector,5-10 years,Science exploration,Science Education,Yes
Soft Sensory Shapes,0-2 years,Sensory exploration,Stacking Play,Yes
Wooden Math Blocks,1-4 years,Cognitive skills,Math Recognition,Yes
Coding and Robotics Lab Kit,8-14 years,Programming skills,STEM Education,Yes
Giant Sketch Pad,3-10 years,Creative expression,Art and Creativity,Yes
Educational Spelling Puzzle,4-8 years,Language skills,Interactive Learning,Yes
Pretend Play Chef Set,3-7 years,Imagination,Pretend Play,Yes
Astronomy Glow-in-the-Dark Set,5-10 years,Science exploration,Science Education,Yes
Interactive Shape Sorting Puzzle,2-4 years,Cognitive skills,Early Learning,Yes
Kid's Coding Robot,5-9 years,Logic and Coding skills,Interactive Learning,Yes
Remote Control Helicopter,8-14 years,Hand-eye coordination,Outdoor Play,No
Magic Watercolor Paint Set,4-8 years,Fine motor skills,Art and Creativity,Yes
Educational Alphabet Puzzle,2-6 years,Alphabet recognition,Visual Learning,Yes
Interactive Coding Robot,4-10 years,Programming skills,Interactive Play,Yes
Soft Play Scarves,2-6 years,Imagination,Pretend Play,Yes
Educational Bingo Board Game,5-10 years,Language and Math skills,Interactive Learning,Yes
Water and Sand Sensory Table,3-7 years,Imagination,Sensory Play,Yes
Pretend Play Kitchen Set,2-6 years,Imagination,Pretend Play,Yes
Glow-in-the-Dark Wall Stickers,3-10 years,Imagination,Visual Learning,No
Soft Sensory Rings,0-2 years,Sensory exploration,Stacking Play,Yes
Wooden Animal Puzzle,1-4 years,Cognitive skills,Animal Recognition,Yes
Coding and Robotics Activity Kit,8-14 years,Programming skills,STEM Education,Yes
Giant Finger Painting Kit,3-10 years,Creative expression,Art and Creativity,Yes
Sensory Playdough Set,2-6 years,Sensory exploration,Creative Play,Yes
Educational Spelling Board Game,4-8 years,Language skills,Interactive Learning,Yes
Pretend Play Construction Set,3-7 years,Imagination,Pretend Play,Yes
Fishing Magnetic Fishing Game,3-6 years,Fine motor skills,Outdoor Play,Yes
Interactive Shape Sorting Toy,2-4 years,Cognitive skills,Early Learning,Yes
Kid's Science Experiment Kit,5-9 years,Science skills,Interactive Learning,Yes
DIY Bracelet Making Kit,4-10 years,Fine motor skills,Creative Expression,Yes
Interactive Math Puzzle Cube,6-10 years,Math skills,Interactive Learning,Yes
Cube Shape Sorting Puzzle,1-4 years,Cognitive skills,Early Learning,Yes
Interactive Robotic Puppy,4-10 years,Imagination,Interactive Play,Yes
Pottery Wheel Craft Kit,6-12 years,Fine motor skills,Creative Expression,Yes
Pretend Play Tea Party Set,2-6 years,Imagination,Pretend Play,Yes
